{"cameraMode":{"drawMode":0,"name":"Shaded","section":"Shading Mode"},"sceneLighting":true,"audioPlay":false,"sceneViewState":{"showFog":true,"showMaterialUpdate":false,"showSkybox":true,"showFlares":true,"showImageEffects":true,"showParticleSystems":true},"in2DMode":false,"pivot":{"x":-0.14515209197998048,"y":-0.32595133781433108,"z":0.40111303329467776},"rotation":{"x":-0.1017252504825592,"y":0.8842978477478027,"z":-0.22797530889511109,"w":-0.39458411931991579},"size":30.413225173950197,"orthographic":false}